{"id": "CONSO-CONGR-ELECT-2011-2016", "title": "Consolidado Congresistas Electos 2011-2016 Redes Sociales", "description": "Sumario Consolidado Congresistas Electos 2011-2016 Redes Sociales", "user": "incavalley", "result": [["Id","CONGRESISTAS_2011-2016","VOTOS_PREFERENCIALES","DISTRITO_ELECTORAL","ORGANIZACION_POLITICA","Nº","NOMBRE","APELLIDOS","CARGO","REGIÓN","PAGINA_WEB","PAGINA_WEB2","EMAIL_1","EMAIL_2","EMAIL_3","DIRECCION_LIMA","DISTRITO","PROVINCIA","DIRECCION_REGION","DISTRITO","PROVINCIA","TELEFONO_LIMA_1","TELEFONO_LIMA_2","TELEFONO CELULAR","TELEFONO_REGION_1","TELEFONO_REGION_2","TELEFONO_REGION_3","TWITTER","FACEBOOK","GOOGLE +","YOUTUBE","BLOG","FLICKR","ISSUU","IBLUPS","OTROS","PROYECTO_LEY"],["2","HECTOR VIRGILIO BECERRIL RODRIGUEZ","14.946","AMAZONAS","FUERZA 2011","9","Héctor Virgilio","Becerril Rodríguez","Congresista de la República","Amazonas","http://www.congreso.gob.pe/congresista/2011/hbecerril/cargos.asp","","hbecerril@congreso.gob.pe","prensabecerril@gmail.com","","Jirón Azángaro Nº 468, Oficina 321","Cercado de Lima","Lima","Jirón Triunfo Nº 842","","Chachapoyas","01-3117434","","","#952267812","","","","https://www.facebook.com/hector.becerril.359","","http://www.youtube.com/channel/UCD-g_8R1onpOy2xeRqDq4QA","","","","","","http://www2.congreso.gob.pe/Sicr/TraDocEstProc/CLProLey2011.nsf/forosdebusqueda?SearchView&Query=BECERRIL RODRÍGUEZ  HÉCTOR VIRGILIO&SearchOrder=4"],["1","EDUARDO NAYAP KININ","17.556","AMAZONAS","GANA PERÚ","54","Eduardo","Nayap Kinin","Congresista de la República","Amazonas","http://www.congreso.gob.pe/congresista/2011/enayap/cargos.asp","","enayap@congreso.gob.pe","","","Jirón Azángaro Nº 468, oficina 704","Cercado de Lima","Lima","Av. Chachapoyas Nº 1342","","Chachapoyas","01-3117466","","","#949801543","","","https://twitter.com/EduardoNayap","https://www.facebook.com/pages/Eduardo-Nayap-Kinin/405879239470853","","","","","","","","http://www2.congreso.gob.pe/Sicr/TraDocEstProc/CLProLey2011.nsf/forosdebusqueda?SearchView&Query=NAYAP KININ EDUARDO&SearchOrder=4"],["4","VICTOR WALBERTO CRISOLOGO ESPEJO","12.352","ÁNCASH","PERÚ POSIBLE","","","","","","","","","","","","","","","","","","","","","","","","","","","","","","","",""],["7","FREDY ROLANDO OTAROLA PEÑARANDA","24.828","ÁNCASH","GANA PERÚ","","","","","","","","","","","","","","","","","","","","","","","","","","","","","","","",""],["6","MARIA MAGDALENA LOPEZ CORDOVA","28.948","ÁNCASH","FUERZA 2011","47","María Magdalena","López Córdova","Congresista de la República","Ancash","http://www.congreso.gob.pe/congresista/2011/mmlopez/cargos.asp","http://www.mariamagdalena.pe","mmlopez@congreso.gob.pe","","","Jr. Ancash 569, Oficina 220","Cercado de Lima","Lima","Av. Pardo 553","","Chimbote","01-311-7522","","","043 329147","","","https://twitter.com/fmariamagdalena","https://www.facebook.com/mariamagdalenacongresista/","https://plus.google.com/111929817764464605324/posts","https://www.youtube.com/user/mariamagdalena2011","","","","","","http://www2.congreso.gob.pe/Sicr/TraDocEstProc/CLProLey2011.nsf/forosdebusqueda?SearchView&Query=LÓPEZ CÓRDOVA MARÍA MAGDALENA&SearchOrder=4"],["3","DALMACIO MODESTO JULCA JARA","29.660","ÁNCASH","PERÚ POSIBLE","39","Dalmacio Modesto","Julca Jara","Congresista de la República","Ancash","http://www.congreso.gob.pe/congresista/2011/mjulca/cargos.asp","","mjulca@congreso.gob.pe","","","Jr. Ancash 569, Oficina 239","Cercado de Lima","Lima","Prolongación del Jirón Caraz Nº 1004","","Huaraz","01-3117632","","","951896716","","","https://twitter.com/mjulcajara","https://www.facebook.com/ModestoJulcaJara","https://plus.google.com/104521032210425074515#104521032210425074515/posts","https://www.youtube.com/user/prensamodestojulca","http://www.modestojulcajara-cr.blogspot.com/","","","","","http://www2.congreso.gob.pe/Sicr/TraDocEstProc/CLProLey2011.nsf/forosdebusqueda?SearchView&Query=JULCA JARA DALMACIO MODESTO &SearchOrder=4"],["5","HERIBERTO MANUEL BENITEZ RIVAS","34.027","ÁNCASH","ALIANZA SOLIDARIDAD NACIONAL","22","Hernán","de la Torre Dueñas","Congresista de la República","Cusco","http://www.congreso.gob.pe/congresista/2011/hdelatorre/cargos.asp","","hdelatorre@congreso.gob.pe","","","Jr. Carabaya Nº 381, Oficina 108","Cercado de Lima","Lima","Av. La Cultura Nº 1020","","Cusco","01-3117912","","","984266562","","","https://twitter.com/Hernan_HDLTD_CR","https://www.facebook.com/DESPACHOCONGRESAL.HDLTD","","","","","","","","http://www2.congreso.gob.pe/Sicr/TraDocEstProc/CLProLey2011.nsf/forosdebusqueda?SearchView&Query=DE LA TORRE DUEÑAS  HERNÁN&SearchOrder=4"],["9","ANTONIO MEDINA ORTIZ","6.972","APURIMAC","FUERZA 2011","49","Antonio","Medina Ortíz","Congresista de la República","Apurimac","http://www.congreso.gob.pe/congresista/2011/amedina/cargos.asp","","amedina@congreso.gob.pe","","","Avenida Abancay Nº 251, oficina 607","Cercado de Lima","Lima","Av. Perú Nº 569","","Andahuaylas","01-3117580","","","#964722321","","","https://twitter.com/Antoniomedinao","https://www.facebook.com/antoniomedinaortiz","","http://www.youtube.com/user/gandhicha","","","","","","http://www2.congreso.gob.pe/Sicr/TraDocEstProc/CLProLey2011.nsf/forosdebusqueda?SearchView&Query=MEDINA ORTIZ ANTONIO&SearchOrder=4"],["8","JHON ARQUIMIDES REYNAGA SOTO","12.921","APURIMAC","GANA PERÚ","62","Jhon Arquímedes","Reynaga Soto","Congresista de la República","Apurimac","http://www.congreso.gob.pe/congresista/2011/jreynaga/presentacion.htm","","jreynaga@congreso.gob.pe","","","Plaza Bolivar S/N, Oficina 131 Palacio Legislativo","Cercado de Lima","Lima","Abancay: Jr. David Samanez Ocampo 117/ Andahuaylas: Jr. Ricardo Palma 356","","","01-3117922","","","Apurimac: #956068805","","","https://twitter.com/JhonReynaga","https://www.facebook.com/pages/Jhon-Reynaga/460551967306552","","http://www.youtube.com/user/Reynagacongreso/videos","","","","","","http://www2.congreso.gob.pe/Sicr/TraDocEstProc/CLProLey2011.nsf/forosdebusqueda?SearchView&Query=REYNAGA SOTO JHON ARQUÍMIDES&SearchOrder=4"],["12","TOMAS MARTIN ZAMUDIO BRICEÑO","28.733","AREQUIPA","GANA PERÚ","84","Tomás Martín","Zamudio Briceño","Congresista de la República","Arequipa","http://www.congreso.gob.pe/congresista/2011/tzamudio/cargos.asp","","tzamudio@congreso.gob.pe","","","Jirón Junín Nº 330, Oficina 504","Cercado de Lima","Lima","Calle Santo Domingo Nº 113, oficina C1, Tercer piso","","Arequipa","01-3117670","","","942946047","","","https://twitter.com/tomaszamudio2","https://www.facebook.com/virgilioacuna","https://plus.google.com/115479045179682656828#115479045179682656828/posts","http://www.youtube.com/channel/UC3eAWjo30moNWMabzMjwqsg","","","","","","http://www2.congreso.gob.pe/Sicr/TraDocEstProc/CLProLey2011.nsf/forosdebusqueda?SearchView&Query=SIMON MUNARO YEHUDE &SearchOrder=4"],["15","MARCO TULIO FALCONI PICARDO","31.149","AREQUIPA","PERÚ POSIBLE","","","","","","","","","","","","","","","","","","","","","","","","","","","","","","","",""],["14","JUAN CARLOS EGUREN NEUENSCHWANDER","49.017","AREQUIPA","ALIANZA POR EL GRAN CAMBIO","25","Juan Carlos","Eguren Neuenschwander","Congresista de la República","Arequipa","http://www.congreso.gob.pe/congresista/2011/jceguren/cargos.asp","","jceguren@congreso.gob.pe","","","Jirón Ancash Nº 569, Oficina 253","Cercado de Lima","Lima","Calle Juan Gómez de la Torre Nº 100, esquina Av. Independencia","","Arequipa","01-3117578","","","054-241641","","","https://twitter.com/jceguren","https://www.facebook.com/elflacoeguren","","","","","","","","http://www2.congreso.gob.pe/Sicr/TraDocEstProc/CLProLey2011.nsf/forosdebusqueda?SearchView&Query=EGUREN NEUENSCHWANDER JUAN CARLOS&SearchOrder=4"],["11","JUSTINIANO ROMULO APAZA ORDOÑEZ","51.332","AREQUIPA","GANA PERÚ","7","Justiniano Rómulo","Apaza Ordónez","Congresista de la República","Arequipa","http://www.congreso.gob.pe/congresista/2011/japaza/cargos.asp","","japaza@congreso.gob.pe","","","Jr. Ancash Nº 569, Oficina 237","Cercado de Lima","Lima","Jirón Santo Domingo Nº 403","","Arequipa","01-3117592","","","054-214804","","","","https://www.facebook.com/justinianoapaza","","","","","","","","http://www2.congreso.gob.pe/Sicr/TraDocEstProc/CLProLey2011.nsf/forosdebusqueda?SearchView&Query=APAZA ORDÓÑEZ  JUSTINIANO RÓMULO&SearchOrder=4"],["13","GUSTAVO BERNARDO RONDON FUDINAGA","58.984","AREQUIPA","ALIANZA SOLIDARIDAD NACIONAL","65","Gustavo Bernardo","Rondón Fudinaga","Congresista de la República","Arequipa","http://www.congreso.gob.pe/congresista/2011/grondon/cargos.asp","","grondon@congreso.gob.pe","gustavorondon.congresista@gmail.com","","Jr. Azángaro Nº 468, Oficina 512","Cercado de Lima","Lima","Víctor Andrés Belaunde C - 7","Cercado","Umacollo Arequipa","01-3117764","","","#387174","956886908","","https://twitter.com/rondoncongreso","https://www.facebook.com/gustavorondonfudinaga","https://plus.google.com/117207061164160266434","https://www.youtube.com/user/rondongustavo","http://congresistagustavorondon.blogspot.com/","","","","","http://www2.congreso.gob.pe/Sicr/TraDocEstProc/CLProLey2011.nsf/forosdebusqueda?SearchView&Query=RONDÓN FUDINAGA GUSTAVO BERNARDO&SearchOrder=4"],["10","ANA MARIA SOLORZANO FLORES DE SAQIB","59.471","AREQUIPA","GANA PERÚ","55","Ángel","Neyra Olaychea","Congresista de la República","Lima","http://www.congreso.gob.pe/congresista/2011/aneyra/cargos.asp","http://angelneyra.pe/","aneyra@congreso.gob.pe","","","Jr. Azángaro Nº 468, Oficina 415","Cercado de Lima","Lima","","","","01-3117777 anexo: 7444","","","","","","https://twitter.com/angelneyra2016","https://www.facebook.com/angelneyra2016","","https://www.youtube.com/channel/UC8ZBDnjmUFDgvG0T2mXA5aw","http://congresistaangelneyra.blogspot.com/","","","","","http://www2.congreso.gob.pe/Sicr/TraDocEstProc/CLProLey2011.nsf/forosdebusqueda?SearchView&Query=NEYRA OLAYCHEA ÁNGEL&SearchOrder=4"],["17","WALTER ACHA ROMANI","15.087","AYACUCHO","GANA PERÚ","1","Walter","Acha Romaní","Congresista de la República","Ayacucho","http://www.congreso.gob.pe/congresista/2011/wacha/cargos.asp","","wacha@congreso.gob.pe","","","Jr. Azángaro Nº 468, Oficina 908","Cercado de Lima","Lima","","","","01-3117498","","","","","","https://twitter.com/WalterAcha","https://www.facebook.com/congresista.rosanunez","https://plus.google.com/117207061164160266434","http://www.youtube.com/user/Dammert7","","","","","",""],["16","JOSE ANTONIO URQUIZO MAGGIA","19.812","AYACUCHO","GANA PERÚ","77","José Antonio","Urquizo Maggia","Congresista de la República","Ayacucho","http://www.congreso.gob.pe/congresista/2011/jurquizo/presentacion.asp","","jurquizo@congreso.gob.pe","jurquizomaggia@gmail.com","","Avenida Abancay Nº 251, Oficina 105","Cercado de Lima","Lima","","","","01-3117552","","","","","","https://twitter.com/joseurquizo","https://www.facebook.com/joseurquizomaggia/","https://plus.google.com/u/0/110474589837971402836/posts","https://www.youtube.com/channel/UC6DrEPUEIc6HODkHCXHeaJg","http://joseurquizomaggia.blogspot.com/","https://www.flickr.com/photos/jose_urquizo_maggia/","http://issuu.com/joseurquizomaggia","","","http://www2.congreso.gob.pe/Sicr/TraDocEstProc/CLProLey2011.nsf/forosdebusqueda?SearchView&Query=URQUIZO MAGGIA JOSÉ ANTONIO&SearchOrder=4"],["18","ROFILIO T NEYRA HUAMANI","33.914","AYACUCHO","FUERZA 2011","","","","","","","","","","","","","","","","","","","","","","","","","","","","","","","",""],["21","SEGUNDO LEOCADIO TAPIA BERNAL","10.545","CAJAMARCA","FUERZA 2011","","","","","","","","","","","","","","","","","","","","","","","","","","","","","","","",""],["20","CECILIA ISABEL CHACON DE VETTORI","15.762","CAJAMARCA","FUERZA 2011","16","Cecilia Isabel","Chacón de Vettori","Congresista de la República","Cajamarca","http://www.congreso.gob.pe/congresista/2011/cchacon/cargos.asp","","cchacon@congreso.gob.pe","","","Plaza Bolivar S/N, Oficina 218 Palacio Legislativo","Cercado de Lima","Lima","Avenida Mesones Muro Nº 104","","Jaén","01-3117926","","","998518498","","","https://twitter.com/chechechacon","https://www.facebook.com/cecilia.chacon.167","","","","","","","","http://www2.congreso.gob.pe/Sicr/TraDocEstProc/CLProLey2011.nsf/forosdebusqueda?SearchView&Query=CHACÓN DE VETTORI  CECILIA ISABEL &SearchOrder=4"],["23","CRISTOBAL LUIS LLATAS ALTAMIRANO","17.731","CAJAMARCA","GANA PERÚ","46","Cristóbal Luis","Llatas Altamirano","Congresista de la República","Cajamarca","http://www.congreso.gob.pe/congresista/2011/cllatas/cargos.asp","","cllatas@congreso.gob.pe","","","Jr. Azángaro Nº 468, Oficina 1008","Cercado de Lima","Lima","Jirón Huamantanga Nº 1617","","Jaén","01-3117777 anexo: 7496","","","#959651695","","","https://twitter.com/LuisLlatas","https://www.facebook.com/pages/Luis-Llatas-Altamirano/204355812962819","","http://www.youtube.com/user/LuisLlatas","","","","","","http://www2.congreso.gob.pe/Sicr/TraDocEstProc/CLProLey2011.nsf/forosdebusqueda?SearchView&Query=LLATAS ALTAMIRANO CRISTÓBAL LUIS&SearchOrder=4"],["24","MESIAS ANTONIO GUEVARA AMASIFUEN","18.041","CAJAMARCA","PERÚ POSIBLE","32","Mesias Antonio","Guevara Amasifuen","Congresista de la República","Cajamarca","http://www.congreso.gob.pe/congresista/2011/mguevara/cargos.asp","","mguevara@congreso.gob.pe","mesias.guevara@gmail.com","","Jirón Carabaya Nº 381, Oficina 109 - Mezzanine","Cercado de Lima","Lima","Jirón Simón Bolívar Nº 1338 2do piso","","Jaén","01-3117486","01-3117777 anexo: 3723","","RPC: 965395315","RPM: #191466","","https://twitter.com/MesiasGuevara","https://www.facebook.com/omar.chehademoya","","http://www.youtube.com/channel/UC54Lg24SJ5MTZ5fYm_Nqh9Q","","","","","","http://www2.congreso.gob.pe/Sicr/TraDocEstProc/CLProLey2011.nsf/forosdebusqueda?SearchView&Query=SPADARO PHILIPPS PEDRO CARMELO&SearchOrder=4"],["22","JORGE ANTONIO RIMARACHIN CABRERA","25.158","CAJAMARCA","GANA PERÚ","","","","","","","","","","","","","","","","","","","","","","","","","","","","","","","",""],["19","REBER JOAQUIN RAMIREZ GAMARRA","83.179","CAJAMARCA","FUERZA 2011","","","","","","","","","","","","","","","","","","","","","","","","","","","","","","","",""],["28","DANIEL EMILIANO MORA ZEVALLOS","15.180","CALLAO","PERÚ POSIBLE","52","Daniel Emiliano","Mora Zevallos","Congresista de la República","Callao","http://www.congreso.gob.pe/congresista/2011/dmora/cargos.asp","","dmora@congreso.gob.pe","","","Jr. Junín 330, Oficina 304","Cercado de Lima","Lima","Av. Juan Pablo II N° 140 - 160 - Ex Edificio CTAR.","","Callao","01-3117654","","","01-6371472","","","https://twitter.com/Dmorazevallos","https://www.facebook.com/dmorazevallos","","","","","","","","http://www2.congreso.gob.pe/Sicr/TraDocEstProc/CLProLey2011.nsf/forosdebusqueda?SearchView&Query=MORA ZEVALLOS DANIEL EMILIANO &SearchOrder=4"],["27","ENRIQUE WONG PUJADA","17.574","CALLAO","ALIANZA POR EL GRAN CAMBIO","81","Enrique","Wong Pujada","Congresista de la República","Callao","http://www.congreso.gob.pe/congresista/2011/ewong/cargos.asp","","ewongp@congreso.gob.pe","","","Jr. Huallaga Nº 358, Oficina 102 MZ","Cercado de Lima","Lima","Av. Juan Pablo II, cuadra 1 S/N","","Callao","01-3117777 anexo 7420","","","01-6371470","","","https://twitter.com/EnriqueWong4","https://es-es.facebook.com/pages/Enrique-Wong-Pagina-Oficial/289108591137572","","","","","","","","http://www2.congreso.gob.pe/Sicr/TraDocEstProc/CLProLey2011.nsf/forosdebusqueda?SearchView&Query=WONG PUJADA ENRIQUE&SearchOrder=4"],["26","PEDRO CARMELO SPADARO PHILIPPS","26.356","CALLAO","FUERZA 2011","72","Pedro Carmelo","Spadaro Philipps","Congresista de la República","Callao","http://www.congreso.gob.pe/congresista/2011/pspadaro/cargos.asp","http://www.pedrospadaro.org","pspadaro@congreso.gob.pe","","","Jr. Azángaro Nº 468, Oficina 701","Cercado de Lima","Lima","Av. Juan Pablo II Nº 140 - 180 - Ex edificio CTAR Callao","","Callao","01-3117472","","","01-6371476","","","https://twitter.com/pedrospadaro","https://www.facebook.com/RichardAcunaN","","","","","","","","http://www2.congreso.gob.pe/Sicr/TraDocEstProc/CLProLey2011.nsf/forosdebusqueda?SearchView&Query=REATEGUI FLORES ROLANDO&SearchOrder=4"],["25","ROGELIO ANTENOR CANCHES GUZMAN","28.460","CALLAO","GANA PERÚ","","","","","","","","","","","","","","","","","","","","","","","","","","","","","","","",""],["33","AGUSTIN F MOLINA MARTINEZ","17.108","CUSCO","GANA PERÚ","","","","","","","","","","","","","","","","","","","","","","","","","","","","","","","",""],["32","JULIA TEVES QUISPE","30.971","CUSCO","GANA PERÚ","75","Julia","Teves Quispe","Congresista de la República","Cusco","http://www.congreso.gob.pe/congresista/2011/jteves/cargos.asp","","jteves@congreso.gob.pe","","","Jr. Azángaro Nº 468, Oficina 311","Cercado de Lima","Lima","Urb. Chachacomayo, Bernardo Tambo Huasco Nº 100, Oficina 301","","Cusco","01-3117430","","","","","","https://twitter.com/juliateves20","https://www.facebook.com/pages/Congresista-Julia-Teves-Quispe/167122286669508","","","","","","","","http://www2.congreso.gob.pe/Sicr/TraDocEstProc/CLProLey2011.nsf/forosdebusqueda?SearchView&Query=TEVES QUISPE JULIA&SearchOrder=4"],["31","RUBEN ROLANDO COA AGUILAR","43.720","CUSCO","GANA PERÚ","","","","","","","","","","","","","","","","","","","","","","","","","","","","","","","",""],["30","HERNAN DE LA TORRE DUEÑAS","46.403","CUSCO","GANA PERÚ","41","Humberto","Lay Sun","Congresista de la República","Lima","http://www.congreso.gob.pe/congresista/2011/hlay.htm","","hlay@congreso.gob.pe","","","Jr. Huallaga Nº 358, Oficina 202","Cercado de Lima","Lima","","","","01-3117777","","","","","","https://twitter.com/humberto_lay","https://www.facebook.com/HumbertoLay","https://plus.google.com/114229940485206191870#114229940485206191870/posts","http://www.youtube.com/user/RNPERU2016","","","","","","http://www2.congreso.gob.pe/Sicr/TraDocEstProc/CLProLey2011.nsf/forosdebusqueda?SearchView&Query=LAY SUN HUMBERTO &SearchOrder=4"],["29","VERONIKA FANNY MENDOZA FRISCH","47.088","CUSCO","GANA PERÚ","","","","","","","","","","","","","","","","","","","","","","","","","","","","","","","",""],["35","HUGO CARRILLO CAVERO","15.533","HUANCAVELICA","GANA PERÚ","","","","","","","","","","","","","","","","","","","","","","","","","","","","","","","",""],["34","WUILIAN ALFONSO MONTEROLA ABREGU","24.706","HUANCAVELICA","PERÚ POSIBLE","","","","","","","","","","","","","","","","","","","","","","","","","","","","","","","",""],["38","MARIA DEL CARMEN OMONTE DURAND DE DYER","19.054","HUÁNUCO","PERÚ POSIBLE","57","María del Carmen","Omonte Durand","Congresista de la República","Huánuco","http://www.congreso.gob.pe/congresista/2011/momonte/cargos.asp","","comonte@congreso.gob.pe","","","Jr. Ancash Nº 569, Oficina 138","Cercado de Lima","Lima","Jirón Lima Nº 248","Llata - Huamalies","","01-3117777 anexo 7650","","","#954041532","","","https://twitter.com/carmenomonte","https://www.facebook.com/carmenomontecongresista","https://plus.google.com/108901815649467082303#108901815649467082303/posts","http://www.youtube.com/channel/UCiRf1h4Pl4Bd5w68DlLCFRg","","","","","","http://www2.congreso.gob.pe/Sicr/TraDocEstProc/CLProLey2011.nsf/forosdebusqueda?SearchView&Query=OMONTE DURAND&SearchOrder=4"],["37","ALEJANDRO YOVERA FLORES","19.816","HUÁNUCO","FUERZA 2011","82","Alejandro","Yovera Flores","Congresista de la República","Huánuco","http://www.congreso.gob.pe/congresista/2011/ayovera/cargos.asp","","ayovera@congreso.gob.pe","","","Jirón Carabaya Nº 381, Oficina 103","Cercado de Lima","Lima","Urb. Leoncio Prado, Mz. G, lote 19 - Amarilis","","Huánuco","01-3117777 anexo 7904","","","962621366","","","https://twitter.com/ayoveraflores","https://www.facebook.com/congresistaalejandro.yoveraflores","","http://www.youtube.com/user/CongYoveraFlores","","","","","","http://www2.congreso.gob.pe/Sicr/TraDocEstProc/CLProLey2011.nsf/forosdebusqueda?SearchView&Query=YOVERA FLORES ALEJANDRO&SearchOrder=4"],["36","JOSUE MANUEL GUTIERREZ CONDOR","29.655","HUÁNUCO","GANA PERÚ","33","Josue Manuel","Gutiérrez Cóndor","Congresista de la República","Huánuco","http://www.congreso.gob.pe/congresista/2011/jmgutierrez/cargos.asp","http://www.josuegutierrezcondor.com/","jmgutierrez@congreso.gob.pe","jgutierrez_3@hotmail.com","","Jr. Ancash Nº 569, Oficina 135","Cercado de Lima","Lima","Jirón 28 de julio Nº 844 -  interior 10, pasaje Perricholi","","Huánuco","01-3117454","","","*0157780","","","https://twitter.com/gutierrezcondor","https://www.facebook.com/josuecongreso","","http://www.youtube.com/user/gutierrezcondor","http://josuegutierrezcondor01.blogspot.com/","","","","","http://www2.congreso.gob.pe/Sicr/TraDocEstProc/CLProLey2011.nsf/forosdebusqueda?SearchView&Query=GUTIÉRREZ CÓNDOR JOSUE MANUEL&SearchOrder=4"],["42","ELSA CELIA ANICAMA ÑAÑEZ","15.326","ICA","GANA PERÚ","6","Elsa Celia","Anicama Ñañez","Congresista de la República","Ica","http://www.congreso.gob.pe/congresista/2011/eanicama/presentacion.htm","","eanicama@congreso.gob.pe","celiaanicama@hotmail.com","","Avenida Abancay Nº 251, Oficina 710 - 712","Cercado de Lima","Lima","Avenida Luis Jerónimo de Cabrera Nº 576","Cercado de Ica","Ica","01-3117740","","","056-231896","","","","https://www.facebook.com/elsacelia.anicamananez","","","","","","","","http://www2.congreso.gob.pe/Sicr/TraDocEstProc/CLProLey2011.nsf/forosdebusqueda?SearchView&Query=ANICAMA ÑAÑEZ  ELSA CELIA &SearchOrder=4"],["40","JOSE LUIS ELIAS AVALOS","44.210","ICA","FUERZA 2011","","","","","","","","","","","","","","","","","","","","","","","","","","","","","","","",""],["41","ANA ETHEL DEL ROSARIO JARA VELASQUEZ","48.877","ICA","GANA PERÚ","38","Ana Ethel Del Rosario","Jara Velasquez","Congresista de la República","Ica","http://www.congreso.gob.pe/congresista/2011/ajara/cargos.asp","","ajara@congreso.gob.pe","","","Jirón Junín Nº 330, oficina 404 Mezzanine","Cercado de Lima","Lima","","","","01-3117682","","","","","","https://twitter.com/anajarav","https://www.facebook.com/anajaravelasquez","","","","","","","","http://www2.congreso.gob.pe/Sicr/TraDocEstProc/CLProLey2011.nsf/forosdebusqueda?SearchView&Query=JARA VELÁSQUEZ  ANA ETHEL DEL ROSARIO&SearchOrder=4"],["39","EDUARDO FELIPE CABRERA GANOZA","55.310","ICA","FUERZA 2011","","","","","","","","","","","","","","","","","","","","","","","","","","","","","","","",""],["46","JESUS PANFILO HURTADO ZAMUDIO","14.632","JUNIN","FUERZA 2011","35","Jesús Pánfilo","Hurtado Zamudio","Congresista de la República","Junín","http://www.congreso.gob.pe/congresista/2011/jhurtado/presentacion.htm","","jhurtado@congreso.gob.pe","","","Avenida Abancay Nº 251, Oficina 610","Cercado de Lima","Lima","","","","01-3117584","","","#956588587","","","","https://www.facebook.com/jesushurtadoz","","http://www.youtube.com/user/MrJesushurtado","","","","","","http://www2.congreso.gob.pe/Sicr/TraDocEstProc/CLProLey2011.nsf/forosdebusqueda?SearchView&Query=HURTADO ZAMUDIO  JESÚS PÁNFILO  &SearchOrder=4"],["47","CASIO FAUSTINO HUAIRE CHUQUICHAICO","22.699","JUNIN","PERÚ POSIBLE","34","Casio Faustino","Huaire Chuquichaico","Congresista de la República","Junín","http://www.congreso.gob.pe/congresista/2011/chuaire/presentacion.htm","","chuaire@congreso.gob.pe","","","Jirón Azángaro Nº 468, oficina 401 - 403","Cercado de Lima","Lima","Jirón Cuzco Nº 480, oficina 302","","","01-3117436","","","#956068805","","","","https://www.facebook.com/casio.huairechuquichaico.7","","http://www.youtube.com/user/CasioHuaireCh","","","","","","http://www2.congreso.gob.pe/Sicr/TraDocEstProc/CLProLey2011.nsf/forosdebusqueda?SearchView&Query=HUAIRE CHUQUICHAICO CASIO FAUSTINO&SearchOrder=4"],["45","FEDERICO PARIONA GALINDO","25.370","JUNIN","FUERZA 2011","58","Federico","Pariona Galindo","Congresista de la República","Junín","http://www.congreso.gob.pe/congresista/2011/fpariona/presentacion.htm","","fpariona@congreso.gob.pe","","","Jirón Ancash Nº 569, oficina 202 - 203","Cercado de Lima","Lima","","","","01-3117908","","","","","","https://twitter.com/fedepariona","https://www.facebook.com/FedericoPariona","","","","","","","","http://www2.congreso.gob.pe/Sicr/TraDocEstProc/CLProLey2011.nsf/forosdebusqueda?SearchView&Query=PARIONA GALINDO FEDERICO&SearchOrder=4"],["44","DORIS GLADYS OSEDA SOTO","32.146","JUNIN","GANA PERÚ","","","","","","","","","","","","","","","","","","","","","","","","","","","","","","","",""],["43","JOHNNY CARDENAS CERRON","34.017","JUNIN","GANA PERÚ","","","","","","","","","","","","","","","","","","","","","","","","","","","","","","","",""],["132","MANUEL ENRIQUE ERNESTO DAMMERT EGO AGUIRRE","0","LAMBAYEQUE","","21","Manuel Enrique Ernesto","Dammert Ego Aguirre","Congresista de la República","Lima","http://www.congreso.gob.pe/congresista/2011/mdammert/cargos.asp","","mdammert@congreso.gob.pe","","","Jr. Huallaga Nº 358, oficina 104","Cercado de Lima","Lima","","","","01-3117642","","","","","","https://twitter.com/ManuelDignidad","","","","","","","","",""],["59","VIRGILIO ACUÑA PERALTA","26.058","LAMBAYEQUE","ALIANZA SOLIDARIDAD NACIONAL","3","Virgilio","Acuña Peralta","Congresista de la República","Lambayeque","http://www.congreso.gob.pe/congresista/2011/vacuna/cargos.asp","http://virgilioacuna.com/","vacuna@congreso.gob.pe","virgilio.ap@gmail.com","","Jr. Azángaro Nº 468, Oficina 210","Cercado de Lima","Lima","","","","01-3117418","","","","","","https://twitter.com/virgilio_ap","https://www.facebook.com/yonhylescano?ref=hl","","","","","","","http://manueldammertegoaguirre49.wordpress.com/","http://www2.congreso.gob.pe/Sicr/TraDocEstProc/CLProLey2011.nsf/forosdebusqueda?SearchView&Query=DAMMERT EGO AGUIRRE MANUEL ENRIQUE ERNESTO&SearchOrder=4"],["58","MARTIN AMADO RIVAS TEIXEIRA","32.070","LAMBAYEQUE","GANA PERÚ","","","","","","","","","","","","","","","","","","","","","","","","https://www.facebook.com/nestor.valquimatos","https://plus.google.com/113937128012434612420#113937128012434612420","http://www.youtube.com/channel/UCmv-LgNp-B44KbEGQE7Rhww","http://prensacongresistavalqui.blogspot.com/","","","","","http://www2.congreso.gob.pe/Sicr/TraDocEstProc/CLProLey2011.nsf/forosdebusqueda?SearchView&Query=LEWIS DEL ALCÁZAR NORMAN DAVID&SearchOrder=4"],["57","ALEJANDRO AURELIO AGUINAGA RECUENCO","37.344","LAMBAYEQUE","FUERZA 2011","","","","","","","","","","","","","","","","","","","","","","","","","","","","","","","",""],["56","ANGEL JAVIER VELASQUEZ QUESQUEN","43.876","LAMBAYEQUE","PARTIDO APRISTA PERUANO","80","Ángel Javier","Velasquez Quesquén","Congresista de la República","Lambayeque","http://www.congreso.gob.pe/congresista/2011/jvelasquezq/cargos.asp","","jvelasquezq@congreso.gob.pe","","","Jirón Junín Nº 330, Oficina 101","Cercado de Lima","Lima","Av. Pedro Ruiz Nº 1461, Urb. San Juan","","Chiclayo","01-3117640","","","074-205776","","","https://twitter.com/jvelasquezq","https://www.facebook.com/javier.velasquezquesquen.9","https://plus.google.com/u/0/101399813825566851352/posts","http://www.youtube.com/user/JavierVelasquezQ12","","","","","","http://www2.congreso.gob.pe/Sicr/TraDocEstProc/CLProLey2011.nsf/forosdebusqueda?SearchView&Query=VELÁSQUEZ QUESQUÉN  ÁNGEL JAVIER &SearchOrder=4"],["55","YEHUDE SIMON MUNARO","49.742","LAMBAYEQUE","ALIANZA POR EL GRAN CAMBIO","71","Yehude","Simon Munaro","Congresista de la República","Lambayeque","http://www.congreso.gob.pe/congresista/2011/ysimon/cargos.asp","","ysimon@congreso.gob.pe","yehudesimon@hotmail.com","","Jr. Ancash Nº 569, Oficna 140","Cercado de Lima","Lima","Calle 7 de enero Nº 666, Oficina 301","","Chiclayo","01-3117448","","","975235032","","","https://twitter.com/yehudetwtr","https://www.facebook.com/ManuelDignidad","","","","","","","",""],["131","CARMEN ROSA NUNEZ DE ACUÑA","0","LIBERTAD","","56","Carmen Rosa","Núñez de Acuña","Congresista de la República","La Libertad","http://www.congreso.gob.pe/congresista/2011/cnunez/cargos.asp","","cnunez@congreso.gob.pe","","","Jirón Carabaya Nº 381 Oficina 303","Cercado de Lima","Lima","Jirón Zepita Nº 649 - 651","","Trujillo","01-3117488","","","044-252121","","","https://twitter.com/rosita_nunez","","","","","","","","",""],["49","RAMON KOBASHIGAWA KOBASHIGAWA","22.482","LIBERTAD","FUERZA 2011","40","Ramón","Kobashigawa Kobashigawa","Congresista de la República","La Libertad","http://www.congreso.gob.pe/congresista/2011/rkobashigawa/cargos.asp","","rkobashigawa@congreso.gob.pe","kokiramon@gmail.com","","Avenida Abancay Nº 251, Oficina 210","Cercado de Lima","Lima","Jr. Pizarro Nº 582","","Trujillo","01-3117668","","","#950948422","","","https://twitter.com/kokiramon","https://www.facebook.com/RobertoAnguloAlvarez","https://plus.google.com/111594695521315311000","http://www.youtube.com/user/ReateguiRolando","http://rolando-reategui.blogspot.com/","","","","","http://www2.congreso.gob.pe/Sicr/TraDocEstProc/CLProLey2011.nsf/forosdebusqueda?SearchView&Query=CONDORI CUSI RUBÉN&SearchOrder=4"],["54","ROBERTO EDMUNDO ANGULO ALVAREZ","24.512","LIBERTAD","GANA PERÚ","5","Roberto Edmundo","Angulo Álvarez","Congresista de la República","La Libertad","http://www.congreso.gob.pe/congresista/2011/rangulo/cargos.asp","","rangulo@congreso.gob.pe","robertoanguloalvarez@gmail.com","","Avenida Abancay Nº 251, Oficina 907","Cercado de Lima","Lima","Calle Los Sauces Nº 792, Urbanización California","","Trujillo","01-3117598","","996916386","044-423962","","","https://twitter.com/RobertoAnguloA","https://www.facebook.com/sergiotej","","","","","","","","http://www2.congreso.gob.pe/Sicr/TraDocEstProc/CLProLey2011.nsf/forosdebusqueda?SearchView&Query=ZEBALLOS SALINAS VICENTE ANTONIO&SearchOrder=4"],["52","JOSE RAGUBERTO LEON RIVERA","29.017","LIBERTAD","PERÚ POSIBLE","42","José Raguberto","León Rivera","Congresista de la República","La Libertad","http://www.congreso.gob.pe/congresista/2011/jleon/cargos.asp","","jleon@congreso.gob.pe","","","Av. Abancay N° 251 3er. Piso Oficina 308","Cercado de Lima","Lima","Calle Alfonso Ugarte N° 644 Int. 18","","Trujillo","01-3117566","","","044-225292","","","https://twitter.com/joseleonrivera","https://www.facebook.com/joseleon.congresista","","https://www.youtube.com/JoseLeonRivera","http://joseleonrivera.blogspot.com/","","","","","http://www2.congreso.gob.pe/Sicr/TraDocEstProc/CLProLey2011.nsf/forosdebusqueda?SearchView&Query=LEÓN RIVERA  JOSÉ RAGUBERTO&SearchOrder=4"],["51","ELIAS NICOLAS RODRIGUEZ ZAVALETA","39.690","LIBERTAD","PARTIDO APRISTA PERUANO","63","Elías Nicolás","Rodríguez Zavaleta","Congresista de la República","La Libertad","http://www.congreso.gob.pe/congresista/2011/erodriguez/cargos.asp","","erodriguez@congreso.gob.pe","en_rz1@hotmail.es","","Avenida Abancay Nº 251, Oficina 810","Cercado de Lima","Lima","Jr. Alfonso Ugarte Nº 656","","Trujillo","01-3117596","","","044-222185","","","https://twitter.com/eliasjuventud","https://www.facebook.com/eliasnicolas.rodriguezzavaleta#!/eliasnicolas.rodriguezzavaleta?fref=ts","","","","","","","","http://www2.congreso.gob.pe/Sicr/TraDocEstProc/CLProLey2011.nsf/forosdebusqueda?SearchView&Query=RODRÍGUEZ ZAVALETA  ELÍAS NICOLÁS&SearchOrder=4"],["50","RICHARD FRANK ACUÑA NUÑEZ","74.789","LIBERTAD","ALIANZA POR EL GRAN CAMBIO","","","","","","","","","","","","","","","","","","","","","","","","","","","","","","","",""],["48","OCTAVIO EDILBERTO SALAZAR MIRANDA","86.109","LIBERTAD","FUERZA 2011","","","","","","","","","","","","","","","","","","","","","","","","","https://plus.google.com/110341667964243515612","http://www.youtube.com/user/rennanespinoza","","","","","","http://www2.congreso.gob.pe/Sicr/TraDocEstProc/CLProLey2011.nsf/forosdebusqueda?SearchView&Query=ACUÑA NÚÑEZ  RICHARD FRANK&SearchOrder=4"],["83","ROSA DELSA MAVILA LEON","21.559","LIMA","GANA PERÚ","","","","","","","","","","","","","","","","","","","","","","","","","","","","","","","",""],["82","SERGIO FERNANDO TEJADA GALINDO","27.456","LIMA","GANA PERÚ","74","Sergio Fernando","Tejada Galindo","Congresista de la República","Lima","http://www.congreso.gob.pe/congresista/2011/stejada/cargos.asp","","stejada@congreso.gob.pe","","","Jr. Azángaro Nº 468, Oficina 212","Cercado de Lima","Lima","","","","01-3117520","","","","","","https://twitter.com/sergiotej","https://www.facebook.com/vgs.congresista","","","","","","","","http://www2.congreso.gob.pe/Sicr/TraDocEstProc/CLProLey2011.nsf/forosdebusqueda?SearchView&Query=ACHA ROMANÍ  WALTER &SearchOrder=4"],["81","CENAIDA CEBASTIANA URIBE MEDINA","30.839","LIMA","GANA PERÚ","","","","","","","","","","","","","","","","","","","","","","","","","","","","","","","",""],["80","OMAR KARIM CHEHADE MOYA","31.320","LIMA","GANA PERÚ","15","Omar Karim","Chehade Moya","Congresista de la República","Lima","http://www.congreso.gob.pe/congresista/2011/ochehade/cargos.asp","http://www.omarchehade.pe/","ochehade@congreso.gob.pe","","","Jr. Junín Nº 330 oficina 501","Cercado de Lima","Lima","","","","01-311-7774","","","","","","https://twitter.com/OmarChehadeMoya","https://www.facebook.com/rennanespinoza","","http://www.youtube.com/user/richardacunan","http://richardacunan.blogspot.com/","","","","","http://www2.congreso.gob.pe/Sicr/TraDocEstProc/CLProLey2011.nsf/forosdebusqueda?SearchView&Query=ANGULO ÁLVAREZ  ROBERTO EDMUNDO &SearchOrder=4"],["68","ANGEL NEYRA OLAYCHEA","31.976","LIMA","FUERZA 2011","","","","","","","","","","","","","","","","","","","","","","","","","","","","","","","",""],["93","MARTIN BELAUNDE MOREYRA","33.015","LIMA","ALIANZA SOLIDARIDAD NACIONAL","","","","","","","","","","","","","","","","","","","","","","","","https://www.facebook.com/nlewisdelalcazar","","http://www.youtube.com/channel/UCabSAGL72S-1wbo8g3B40zw","","","","","","http://www2.congreso.gob.pe/Sicr/TraDocEstProc/CLProLey2011.nsf/forosdebusqueda?SearchView&Query=CHEHADE MOYA OMAR KARIM&SearchOrder=4"],["67","MARTHA GLADYS CHAVEZ COSSIO","34.753","LIMA","FUERZA 2011","","","","","","","","","","","","","","","","","","","","","","","","https://www.facebook.com/MesiasGuevaraAmasifuen","","http://www.youtube.com/user/MESIASELCONGRESISTA","http://pensamientotenaz.blogspot.com/","","","","","http://www2.congreso.gob.pe/Sicr/TraDocEstProc/CLProLey2011.nsf/forosdebusqueda?SearchView&Query=VALQUI MATOS NÉSTOR ANTONIO&SearchOrder=4"],["92","ESTHER YOVANA CAPUÑAY QUISPE","35.688","LIMA","ALIANZA SOLIDARIDAD NACIONAL","13","Esther Yovana","Capuñay Quispe","Congresista de la República","Lima","http://www.congreso.gob.pe/congresista/2011/ecapunay/presentacion.htm","http://www.esthercapuñay.com/","ecapunay@congreso.gob.pe","","","Jr. Azángaro Nº 468, Oficina 318","Cercado de Lima","Lima","","","","01-3117432","3117777 anexo 7432","","","","","https://twitter.com/EstherCapunay","https://www.facebook.com/pages/Esther-Capuñay-Quispe/248603285225579#!/esther.capunay.3?fref=ts","https://plus.google.com/u/0/113494580389383735087","http://www.youtube.com/channel/UCDZANsS5qpTXePtX6Z-jEVw","","","","","","http://www2.congreso.gob.pe/Sicr/TraDocEstProc/CLProLey2011.nsf/forosdebusqueda?SearchView&Query=CAPUÑAY QUISPE  ESTHER YOVANA &SearchOrder=4"],["66","LUZ FILOMENA SALGADO RUBIANES","37.835","LIMA","FUERZA 2011","68","Luz Filomena","Salgado Rubianes","Congresista de la República","Lima","http://www.congreso.gob.pe/congresista/2011/lsalgado/cargos.asp","http://luzsalgado.pe","lsalgado@congreso.gob.pe","","","Jirón Carabaya Nº 381, Oficina 102","Cercado de Lima","Lima","","","","01-3117777 anexo 7902","","","","","","https://twitter.com/luzsalgado_r","https://www.facebook.com/luzsalgadoperu","","https://www.youtube.com/user/LuzSalgadoR","","","","","","http://www2.congreso.gob.pe/Sicr/TraDocEstProc/CLProLey2011.nsf/forosdebusqueda?SearchView&Query=SALGADO RUBIANES LUZ&SearchOrder=4"],["89","FERNANDO JUAN ANDRADE CARMONA","40.772","LIMA","PERÚ POSIBLE","4","Fernando","Andrade Carmona","Congresista de la República","Lima","http://www.congreso.gob.pe/congresista/2011/fandrade/hojavida.htm","","fandrade@congreso.gob.pe","","","Jr. Junín 330, Oficina 106","Cercado de Lima","Lima","","","","01-3117558","","","","","","","https://www.facebook.com/fernando.a.carmona","https://plus.google.com/u/0/100391483809663376666#100391483809663376666/posts","http://www.youtube.com/channel/UCbSUE_YefTVTvBn_RsVw6QQ","","","","","","http://www2.congreso.gob.pe/Sicr/TraDocEstProc/CLProLey2011.nsf/forosdebusqueda?SearchView&Query=ANDRADE CARMONA FERNANDO &SearchOrder=4"],["65","GIAN CARLO VACCHELLI CORBETTO","43.234","LIMA","FUERZA 2011","78","Gian Carlo","Vacchelli Corbetto","Congresista de la República","Lima","http://www.congreso.gob.pe/congresista/2011/gvacchelli/cargos.asp","","gvacchelli@congreso.gob.pe","","","Jirón Huallaga Nº 358, Oficina 203","Cercado de Lima","Lima","","","","01-3117480","","","","","","https://twitter.com/GVacchelli","https://www.facebook.com/pages/Gian-Carlo-Vacchelli-Página-Oficial/256400424380800?fref=ts","","http://www.youtube.com/user/CongresistaVacchelli","http://giancarlovacchelli.blogspot.com/","","","","","http://www2.congreso.gob.pe/Sicr/TraDocEstProc/CLProLey2011.nsf/forosdebusqueda?SearchView&Query=VACCHELLI CORBETTO GIAN CARLO &SearchOrder=4"],["91","RENZO ANDRES REGGIARDO BARRETO","43.541","LIMA","ALIANZA SOLIDARIDAD NACIONAL","2","Richard Frank","Acuña Nuñez","Congresista de la República","La Libertad","http://www.congreso.gob.pe/congresista/2011/racuna/cargos.asp","","racuna@congreso.gob.pe","","","Jirón Huallaga Nº 358, Oficina 307","Cercado de Lima","Lima","","","","01-3117612","","","","","","https://twitter.com/richardacunan","https://www.facebook.com/ruben.condoricusi","","","","","","","","http://www2.congreso.gob.pe/Sicr/TraDocEstProc/CLProLey2011.nsf/forosdebusqueda?SearchView&Query=ZAMUDIO BRICEÑO  TOMÁS MARTÍN&SearchOrder=4"],["88","YONHY LESCANO ANCIETA","44.604","LIMA","PERÚ POSIBLE","44","Yonhy","Lescano Ancieta","Congresista de la República","Lima","http://www.congreso.gob.pe/congresista/2011/ylescano/cargos.asp","http://www.yonhylescano.com/","ylescano@congreso.gob.pe","","","Jr. Huallaga Nº 358, Oficina 202","Cercado de Lima","Lima","Jirón Puno Nº 219, 2do piso, Of. 4","","","01-3117462","","","997526722","","","https://twitter.com/yonhy_lescano","","","","","","","","",""],["64","JULIO CESAR GAGO PEREZ","49.272","LIMA","FUERZA 2011","29","Julio César","Gagó Pérez","Congresista de la República","Lima","http://www.congreso.gob.pe/congresista/2011/jgago/cargos.asp","","jgago@congreso.gob.pe","","","Av. Abancay S/N, Oficina 309 - Plaza Bolivar","Cercado de Lima","Lima","","","","01-3117910","","","","","","https://twitter.com/juliogagop","https://www.facebook.com/JulioGagoP","","http://www.youtube.com/user/juliogagop","","","","","","http://www2.congreso.gob.pe/Sicr/TraDocEstProc/CLProLey2011.nsf/forosdebusqueda?SearchView&Query=GAGÓ PÉREZ  JULIO CÉSAR&SearchOrder=4"],["76","MARIA SOLEDAD PEREZ TELLO DE RODRIGUEZ","50.721","LIMA","ALIANZA POR EL GRAN CAMBIO","","","","","","","","","","","","","","","","","","","","","","","","","","","","","","","","http://www2.congreso.gob.pe/Sicr/TraDocEstProc/CLProLey2011.nsf/forosdebusqueda?SearchView&Query=PORTUGAL CATACORA MARIANO EUTROPIO&SearchOrder=4"],["75","JAVIER A BEDOYA DE VIVANCO","51.051","LIMA","ALIANZA POR EL GRAN CAMBIO","10","Javier Alonso","Bedoya de Vivanco","Congresista de la República","Lima","http://www.congreso.gob.pe/congresista/2011/jbedoya/cargos.asp","http://www.javierbedoya.com","jbedoya@congreso.gob.pe","","","Jr. Huallaga Nº 358 - 364, Oficina 303","Cercado de Lima","Lima","","","","01-3117576","","","","","","https://twitter.com/javierbedoyappc","https://www.facebook.com/javierbedoyav","","http://www.youtube.com/javierbedoyappc","","","","","","http://www2.congreso.gob.pe/Sicr/TraDocEstProc/CLProLey2011.nsf/forosdebusqueda?SearchView&Query=BEDOYA DE VIVANCO JAVIER ALONSO &SearchOrder=4"],["95","CLAUDE MAURICE MULDER BEDOYA","52.798","LIMA","PARTIDO APRISTA PERUANO","53","Claude Maurice","Mulder Bedoya","Congresista de la República","Lima","http://www.congreso.gob.pe/congresista/2011/mmulder/cargos.asp","","mmulder@congreso.gob.pe","muldermauricio@gmail.com","","Jr. Huallaga Nº 364, Oficina 105","Cercado de Lima","Lima","","","","01-311-7630","","01-997527095","","","","https://twitter.com/Mauriciomulder","","","","","","","","","http://www2.congreso.gob.pe/Sicr/TraDocEstProc/CLProLey2011.nsf/forosdebusqueda?SearchView&Query=MULDER BEDOYA CLAUDE MAURICE&SearchOrder=4"],["74","LUIS CARLOS ANTONIO IBERICO NUÑEZ","53.494","LIMA","ALIANZA POR EL GRAN CAMBIO","36","Luis Carlos Antonio","Iberico Núñez","Congresista de la República","Lima","http://www.congreso.gob.pe/congresista/2011/liberico/cargos.asp","http://luisiberico.pe","liberico@congreso.gob.pe","luisiberico@gmail.com","","Jr. Huallaga Nº 358, oficina 407","Cercado de Lima","Lima","","","","01-3117770","","","","","","https://twitter.com/luisiberico","https://www.facebook.com/#!/pages/Luis-Iberico/616391911714334?fref=ts","","http://www.youtube.com/channel/UCotwCjO8KKMUWcI2RA8pBMA","","","","","","http://www2.congreso.gob.pe/Sicr/TraDocEstProc/CLProLey2011.nsf/forosdebusqueda?SearchView&Query=IBERICO NUÑEZ LUIS&SearchOrder=4"],["87","VICTOR ANDRES GARCIA BELAUNDE","53.769","LIMA","PERÚ POSIBLE","","","","","","","","","","","","","","","","","","","","","","","","","","","","","","","",""],["73","LUIS FERNANDO GALARRETA VELARDE","56.463","LIMA","ALIANZA POR EL GRAN CAMBIO","30","Luis Fernando","Galarreta Velarde","Congresista de la República","Lima","http://www.congreso.gob.pe/congresista/2011/lgalarreta/cargos.asp","http://luchogalarreta.pe","lgalarreta@congreso.gob.pe","","","Jirón Azángaro Nº 468, Oficina Nº 204-A","Cercado de Lima","Lima","","","","01-3117526","","","","","","https://twitter.com/luchogalarreta/","https://www.facebook.com/luchogalarretav","","https://www.youtube.com/user/luchogalarreta","","http://www.flickr.com/photos/luchogalarreta","","","","http://www2.congreso.gob.pe/Sicr/TraDocEstProc/CLProLey2011.nsf/forosdebusqueda?SearchView&Query=GALARRETA VELARDE LUIS FERNANDO&SearchOrder=4"],["72","GABRIELA LOURDES PEREZ DEL SOLAR CUCULIZA","60.530","LIMA","ALIANZA POR EL GRAN CAMBIO","59","Gabriela Lourdes","Pérez del Solar Cuculiza","Congresista de la República","Lima","http://www.congreso.gob.pe/congresista/2011/gperezdelsolar/cargos.asp","","gperezdelsolar@congreso.gob.pe","","","Jirón Huallaga Nº 364, Oficina Nº 403","Cercado de Lima","Lima","","","","01-3117458","","","","","","https://twitter.com/gperezdelsolar","https://www.facebook.com/gperezdelsolar","","http://www.youtube.com/user/gabyperezdelsolar","","","","","","http://www2.congreso.gob.pe/Sicr/TraDocEstProc/CLProLey2011.nsf/forosdebusqueda?SearchView&Query=PÉREZ DEL SOLAR CUCULIZA GABRIELA LOURDES&SearchOrder=4"],["86","RENNAN SAMUEL ESPINOZA ROSALES","60.791","LIMA","PERÚ POSIBLE","27","Rennán Samuel","Espinoza Rosales","Congresista de la República","Lima","http://www.congreso.gob.pe/congresista/2011/rsespinoza/cargos.asp","","rsespinoza@congreso.gob.pe","","","Jr. Junín Nº 330, Oficina 305 MZ","Cercado de Lima","Lima","","","","01-3117777 anexo 7676","","","","","","https://twitter.com/rennanespinoza","https://www.facebook.com/RoloReateguiFlores","","","","","","","","http://www2.congreso.gob.pe/Sicr/TraDocEstProc/CLProLey2011.nsf/forosdebusqueda?SearchView&Query=TEJADA GALINDO SERGIO FERNANDO&SearchOrder=4"],["63","LEYLA FELICITA CHIHUAN RAMOS","64.389","LIMA","FUERZA 2011","17","Leyla Felícita","Chihuán Ramos","Congresista de la República","Lima","http://www.congreso.gob.pe/congresista/2011/lchihuan/cargos.asp","http://www.leylachihuan.com","lchihuan@congreso.gob.pe","","","Jirón Azángaro Nº 468, Oficina Nº 1012","Cercado de Lima","Lima","","","","01-3117484","","","","","","https://twitter.com/LeylaChihuan","https://www.facebook.com/LeylaChihuanRamos","","http://www.youtube.com/user/LeylaChihuanRamos","","","","","","http://www2.congreso.gob.pe/Sicr/TraDocEstProc/CLProLey2011.nsf/forosdebusqueda?SearchView&Query=CHIHUÁN RAMOS LEYLA FELÍCITA&SearchOrder=4"],["90","JOSE LEON LUNA GALVEZ","69.996","LIMA","ALIANZA SOLIDARIDAD NACIONAL","48","José León","Luna Gálvez","Congresista de la República","Lima","http://www.congreso.gob.pe/congresista/2011/jluna/cargos.asp","http://www.joselunagalvez.com","jluna@congreso.gob.pe","","","Jr. Azángaro Nº 468, Oficina 301 - B","Cercado de Lima","Lima","","","","01-3117524","","","","","","https://twitter.com/joselunagalvez","https://www.facebook.com/lunagalvez","","http://www.youtube.com/joselunagalvez","","","","","","http://www2.congreso.gob.pe/Sicr/TraDocEstProc/CLProLey2011.nsf/forosdebusqueda?SearchView&Query=LUNA GÁLVEZ JOSÉ LEÓN&SearchOrder=4"],["62","JULIO PABLO ROSAS HUARANGA","75.322","LIMA","FUERZA 2011","66","Julio Pablo","Rosas Huaranga","Congresista de la República","Lima","http://www.congreso.gob.pe/congresista/2011/jrosas/cargos.asp","http://www.juliorosas.com/","jrosas@congreso.gob.pe","","","Plaza Bolivar S/N, Oficina 355, Palacio Legislativo","Cercado de Lima","Lima","","","","01-3117930","","","","","","https://twitter.com/juliorosas1","https://www.facebook.com/pages/Julio-Rosas/153141901406836?","","http://www.youtube.com/channel/UCH0Edd3NYtuOv0kMtag4DQA","","","","","","http://www2.congreso.gob.pe/Sicr/TraDocEstProc/CLProLey2011.nsf/forosdebusqueda?SearchView&Query=ROSAS HUARANGA JULIO PABLO&SearchOrder=4"],["61","LUISA MARIA CUCULIZA TORRE","77.292","LIMA","FUERZA 2011","","","","","","","","","","","","","","","","","","","","","","","","","","","","","","","",""],["94","LUCIANA MILAGROS LEON ROMERO","78.376","LIMA","PARTIDO APRISTA PERUANO","43","Luciana Milagros","León Romero","Congresista de la República","Lima","http://www.congreso.gob.pe/congresista/2011/lleon/cargos.asp","http://www.lucianaleonenaccion.com/","lleon@congreso.gob.pe","","","Jr. Huallaga Nº 364, Oficina 206","Cercado de Lima","Lima","","","","01-3117618","01-3117619","","","","","https://twitter.com/LUCIANA_LEON_R","https://www.facebook.com/lucianaleonenaccion","","http://www.youtube.com/user/LucianaLeonEnAccion1","http://lucianaleonenaccion.blogspot.com/","","","","","http://www2.congreso.gob.pe/Sicr/TraDocEstProc/CLProLey2011.nsf/forosdebusqueda?SearchView&Query=LEÓN ROMERO  LUCIANA MILAGROS &SearchOrder=4"],["85","CECILIA ROXANA TAIT VILLACORTA","78.829","LIMA","PERÚ POSIBLE","73","Cecilia Roxana","Tait Villacorta","Congresista de la República","Lima","http://www.congreso.gob.pe/congresista/2011/ctait/cargos.asp","","ctait@congreso.gob.pe","","","Jr. Huallaga Nº 358, Oficina 402","Cercado de Lima","Lima","","","","01-3117777 anexo: 3422","","","","","","https://twitter.com/Ceciliartaitv","https://www.facebook.com/pages/Cecilia-Tait/187795197918069","https://plus.google.com/117207061164160266434","http://www.youtube.com/user/Mrxe09","http://ceciliataitvillacorta.blogspot.com/","","","","","http://www2.congreso.gob.pe/Sicr/TraDocEstProc/CLProLey2011.nsf/forosdebusqueda?SearchView&Query=TAIT VILLACORTA CECILIA &SearchOrder=4"],["71","MARIA LOURDES PIA LUISA ALCORTA SUERO","93.251","LIMA","ALIANZA POR EL GRAN CAMBIO","","","","","","","","","","","","","","","","","","","","","","","","","","","","","","","",""],["78","JAIME RICARDO DELGADO ZEGARRA","119.561","LIMA","GANA PERÚ","23","Jaime Ricardo","Delgado Zegarra","Congresista de la República","Lima","http://www.congreso.gob.pe/congresista/2011/jrdelgado/cargos.asp","http://jaimedelgado.pe","jaimedelgado@congreso.gob.pe","","","Jr. Azángaro Nº 468, Oficina 508","Cercado de Lima","Lima","","","","01-3117450","","","","","","https://twitter.com/jrdelgadoz","https://www.facebook.com/JaimeDelgadoZegarra","https://plus.google.com/110663843515612187681/posts#110663843515612187681/posts","http://www.youtube.com/jaimedelgadozegarra","","","","","","http://www2.congreso.gob.pe/Sicr/TraDocEstProc/CLProLey2011.nsf/forosdebusqueda?SearchView&Query=DELGADO ZEGARRA JAIME RICARDO &SearchOrder=4"],["77","DANIEL FERNANDO ABUGATTAS MAJLUF","119.742","LIMA","GANA PERÚ","","","","","","","","","","","","","","","","","","","","","","","","","","","","","","","",""],["84","CARLOS RICARDO BRUCE MONTES DE OCA","130.620","LIMA","PERÚ POSIBLE","12","Carlos Ricardo","Bruce Montes de Oca","Congresista de la República","Lima","http://www.congreso.gob.pe/congresista/2011/cbruce/cargos.asp","http://www.carlosbruce.com","cbruce@congreso.gob.pe","","","Jr. Junín 330, Oficina 203","Cercado de Lima","Lima","","","","01-3117646","","","","","","https://twitter.com/carlos_bruce","https://www.facebook.com/carlos.bruce1","https://plus.google.com/u/0/100391483809663376666#100391483809663376666/posts","http://www.youtube.com/user/cbrucemo","","","","","","http://www2.congreso.gob.pe/Sicr/TraDocEstProc/CLProLey2011.nsf/forosdebusqueda?SearchView&Query=BRUCE MONTES DE OCA CARLOS RICARDO &SearchOrder=4"],["70","ALBERTO ISMAEL BEINGOLEA DELGADO","159.397","LIMA","ALIANZA POR EL GRAN CAMBIO","11","Alberto Ismael","Beingolea Delgado","Congresista de la República","Lima","http://www.congreso.gob.pe/congresista/2011/abeingolea/cargos.asp","http://albertobeingolea.com/","abeingolea@congreso.gob.pe","","","Jirón Huallaga 358 Oficina 302","Cercado de Lima","Lima","","","","01-3117610","","","","","","https://twitter.com/BeingoleaA","https://www.facebook.com/Albertobeingolea","","http://www.youtube.com/channel/UCZzAFVTbqzLn38CKOmrg4OQ","","","","","","http://www2.congreso.gob.pe/Sicr/TraDocEstProc/CLProLey2011.nsf/forosdebusqueda?SearchView&Query=BEINGOLEA DELGADO ALBERTO ISMAEL&SearchOrder=4"],["69","HUMBERTO LAY SUN","215.066","LIMA","ALIANZA POR EL GRAN CAMBIO","","","","","","","","","","","","","","","","","","","","","","","","","","","","","","","",""],["60","KENJI GERARDO FUJIMORI HIGUCHI","381.049","LIMA","FUERZA 2011","28","Kenji Gerardo","Fujimori Higuchi","Congresista de la República","Lima","http://www.congreso.gob.pe/congresista/2011/kfujimorih/cargos.asp","","kfujimorih@congreso.gob.pe","","","Jirón Huallaga Nº 358, Oficina 201","Cercado de Lima","Lima","","","","01-3117620","01-3117777 anexo 3211","","","","","https://twitter.com/KenjiFujimoriH","https://www.facebook.com/KenjiFujimoriH","https://plus.google.com/117864060551007208560","http://www.youtube.com/kenjifujimorihiguchi","","","","","","http://www2.congreso.gob.pe/Sicr/TraDocEstProc/CLProLey2011.nsf/forosdebusqueda?SearchView&Query=FUJIMORI HIGUCHI KENJI GERARDO &SearchOrder=4"],["99","WILDER RUIZ LOAYZA","10.789","LIMA PROVINCIAS","GANA PERÚ","","","","","","","","","","","","","","","","","","","","","","","","","","","","","","","",""],["98","MANUEL SALVADOR ZERILLO BAZALAR","27.427","LIMA PROVINCIAS","GANA PERÚ","86","Manuel Salvador","Zerillo Bazalar","Congresista de la República","Lima","http://www.congreso.gob.pe/congresista/2011/mzerillo/cargos.asp","http://www.manuelzerillo.com","mzerillo@congreso.gob.pe","","","Jr. Huallaga Nº 358, Oficina 208","Cercado de Lima","Lima","Av. 28 de julio Nº 830","","Huacho","01-3117616","","","980644093","","","https://twitter.com/manuelzerillob","https://www.facebook.com/ManuelZerilloBazalar","","http://www.youtube.com/channel/UCccv5dTClmvAfnh17dbXcXw","http://manuelzerillo2011.blogspot.com/","","","","","http://www2.congreso.gob.pe/Sicr/TraDocEstProc/CLProLey2011.nsf/forosdebusqueda?SearchView&Query=ZERILLO BAZALAR MANUEL SALVADOR&SearchOrder=4"],["97","ELARD GALO MELGAR VALDEZ","28.367","LIMA PROVINCIAS","FUERZA 2011","50","Elard Galo","Melgar Valdez","Congresista de la República","Lima","http://www.congreso.gob.pe/congresista/2011/emelgar/cargos.asp","","emelgar@congreso.gob.pe","","","Jirón Azángaro Nº 468, Oficina 1001","Cercado de Lima","Lima","Calle San Miguel Mz K, lote 24","","Chancay","01-3117494","","","946422487","","","https://twitter.com/ElardMelgarV","https://www.facebook.com/elardmelgar","","http://www.youtube.com/user/congresistamelgar","http://elardmelgar.blogspot.com/","","","","","http://www2.congreso.gob.pe/Sicr/TraDocEstProc/CLProLey2011.nsf/forosdebusqueda?SearchView&Query=MELGAR VALDEZ ELARD GALO&SearchOrder=4"],["96","AURELIA TAN DE INAFUKO","28.650","LIMA PROVINCIAS","FUERZA 2011","","","","","","","","","","","","","","","","","","","","","","","","","","","","","","","",""],["103","VICTOR RAUL GRANDEZ SALDAÑA","10.531","LORETO","FUERZA 2011","31","Víctor Raúl","Grandez Saldaña","Congresista de la República","Loreto","http://www.congreso.gob.pe/congresista/2011/vgrandez/cargos.asp","","vgrandez@congreso.gob.pe","","","Jr. Azángaro Nº 468, Oficina 709","Cercado de Lima","Lima","Av. Luis Freyre Nº 837","","Iquitos","01-3117470","","","965-670611","","","https://twitter.com/victorgrandez2","https://www.facebook.com/pages/Yehude-simon#!/yehudeoficial?fref=ts","https://plus.google.com/u/0/102742557695715368638/posts","https://www.youtube.com/user/yonhylescanotv","http://yonhy-lescano.blogspot.com/","","","","","http://www2.congreso.gob.pe/Sicr/TraDocEstProc/CLProLey2011.nsf/forosdebusqueda?SearchView&Query=NÚÑEZ DE ACUÑA CARMEN ROSA&SearchOrder=4"],["102","VICTOR ISLA ROJAS","18.131","LORETO","GANA PERÚ","","","","","","","","","","","","","","","","","","","","","","","","","","","","","","","",""],["101","LEONARDO AGUSTIN INGA VASQUEZ","25.937","LORETO","PERÚ POSIBLE","37","Leonardo Agustín","Inga Vásquez","Congresista de la República","Loreto","http://www.congreso.gob.pe/congresista/2011/linga/cargos.asp","","linga@congreso.gob.pe","","","Jr. Huallaga Nº 358, Oficina 406","Cercado de Lima","Lima","Jirón Putumayo Nº 745","","Iquitos","01-3117570","","","978286279","","","https://twitter.com/chachoinga","https://www.facebook.com/chacho.inga","","http://www.youtube.com/channel/UCLXyIEm3fqcOLjJouVAyNaw","","","","","","http://www2.congreso.gob.pe/Sicr/TraDocEstProc/CLProLey2011.nsf/forosdebusqueda?SearchView&Query=INGA VÁSQUEZ LEONARDO AGUSTÍN &SearchOrder=4"],["100","NORMAN DAVID LEWIS DEL ALCAZAR","29.930","LORETO","PERÚ POSIBLE","45","Norman David","Lewis Del Alcázar","Congresista de la República","Loreto","http://www.congreso.gob.pe/congresista/2011/nlewis/cargos.asp","","nlewis@congreso.gob.pe","normanlewis2010@hotmail.com","","Av. Abancay Nº 251, oficina 100","Cercado de Lima","Lima","Calle Piura Nº 930 - Punchana","","Iquitos","01-3117604","","","965973226","","","https://twitter.com/LewisdelAlcazar","","","","","","","","","http://www2.congreso.gob.pe/Sicr/TraDocEstProc/CLProLey2011.nsf/forosdebusqueda?SearchView&Query=ESPINOZA ROSALES  RENNÁN SAMUEL&SearchOrder=4"],["104","EULOGIO AMADO ROMERO RODRIGUEZ","5.915","MADRE DE DIOS","GANA PERÚ","64","Eulogio Amado","Romero Rodríguez","Congresista de la República","Madre de Dios","http://www.congreso.gob.pe/congresista/2011/earomero/cargos.asp","","earomero@congreso.gob.pe","","","Jr. Azángaro Nº 468, Oficina 204-B","Cercado de Lima","Lima","Jirón Moquegua Nº 671","","Puerto Maldonado","01-3117518","","","082-503019","","","https://twitter.com/AmadoRomero2012","https://www.facebook.com/amado.romero.397","https://plus.google.com/118318727444789411593#118318727444789411593","http://www.youtube.com/channel/UCi-gyH1apVxKlb9qctSTc5w","http://amadoromerorodriguez.blogspot.com/","","","","","http://www2.congreso.gob.pe/Sicr/TraDocEstProc/CLProLey2011.nsf/forosdebusqueda?SearchView&Query=ROMERO RODRÍGUEZ EULOGIO AMADO&SearchOrder=4"],["106","JAIME RUBEN VALENCIA QUIROZ","8.025","MOQUEGUA","GANA PERÚ","","","","","","","","","","","","","","","","","","","","","","","","","","","","","","","",""],["105","VICENTE ANTONIO ZEBALLOS SALINAS","15.393","MOQUEGUA","ALIANZA SOLIDARIDAD NACIONAL","85","Vicente Antonio","Zeballos Salinas","Congresista de la República","Moquegua","http://www.congreso.gob.pe/congresista/2011/vzeballos/cargos.asp","http://www.antoniozeballos.com","vzeballos@congreso.gob.pe","","","Jirón Azáéngaro Nº 468, Oficina 218","Cercado de Lima","Lima","Calle Ancash Nº 188","","Moquegua","01-3117422","","","956068231","","","https://twitter.com/antoniozeballos","https://www.facebook.com/acha.walter.congreso","https://plus.google.com/113302609885794672292","","http://www.partidohumanistaperu.blogspot.com/","","","http://iblups.com/yonhylescano","","http://www2.congreso.gob.pe/Sicr/TraDocEstProc/CLProLey2011.nsf/forosdebusqueda?SearchView&Query=LESCANO ANCIETA YONHY&SearchOrder=4"],["108","NESTOR ANTONIO VALQUI MATOS","11.579","PASCO","FUERZA 2011","79","Nestor Antonio","Valqui Matos","Congresista de la República","Pasco","http://www.congreso.gob.pe/congresista/2011/nvalqui/cargos.asp","","nvalqui@congreso.gob.pe","","","Jr. Azángaro Nº 468, Oficina 412","Cercado de Lima","Lima","Circunvalación Tupac Amaru S/N","","Pasco","01-3117442","","","0942982279","993181540","","https://twitter.com/nesanvalma","https://www.facebook.com/Pedro.Spadaro","","","","","","","","http://www2.congreso.gob.pe/Sicr/TraDocEstProc/CLProLey2011.nsf/forosdebusqueda?SearchView&Query=KOBASHIGAWA KOBASHIGAWA  RAMÓN&SearchOrder=4"],["107","WILLYAM TITO VALLE RAMIREZ","13.095","PASCO","PERÚ POSIBLE","","","","","","","","","","","","","","","","","","","","","","","","","","","","","","","",""],["111","SANTIAGO GASTAÑADUI RAMIREZ","16.208","PIURA","GANA PERÚ","","","","","","","","","","","","","","","","","","","","","","","","","","","","","","","",""],["114","FREDDY FERNANDO SARMIENTO BETANCOURT","20.947","PIURA","FUERZA 2011","69","Freddy Fernando","Sarmiento Betancourt","Congresista de la República","Piura","http://www.congreso.gob.pe/congresista/2011/fsarmiento/cargos.asp","","fsarmiento@congreso.gob.pe","","","Jirón Ancash Nº 569, oficina Nº 147","Cercado de Lima","Lima","","","","01-3117777 anexo 7932","","","#961628358","","","https://twitter.com/fsarmiento3","https://www.facebook.com/freddy.sarmientobetancourt","","http://www.youtube.com/user/FFsarmiento","","","","","","http://www2.congreso.gob.pe/Sicr/TraDocEstProc/CLProLey2011.nsf/forosdebusqueda?SearchView&Query=SARMIENTO BETANCOURT FREDDY FERNANDO&SearchOrder=4"],["115","JUAN CESAR CASTAGNINO LEMA","22.828","PIURA","PERÚ POSIBLE","14","Juan César","Castagnino Lema","Congresista de la República","Piura","http://www.congreso.gob.pe/congresista/2011/jcastagnino/cargos.asp","","jcastagnino@congreso.gob.pe","","","Jirón Carabaya Nº 381, Oficina 203","Cercado de Lima","Lima","Jirón Huánuco Nº 460","","Piura","01-3117464","","","073-323473","","","https://twitter.com/nacho_piura","https://www.facebook.com/nacho.castagninolema.3","","http://www.youtube.com/channel/UC3vAFshmMhFgmtWZrgCAMrA","","","","","","http://www2.congreso.gob.pe/Sicr/TraDocEstProc/CLProLey2011.nsf/forosdebusqueda?SearchView&Query=CASTAGNINO LEMA  JUAN CÉSAR &SearchOrder=4"],["113","KARLA MELISSA SCHAEFER CUCULIZA","23.086","PIURA","FUERZA 2011","70","Karla Melissa","Schaefer Cuculiza","Congresista de la República","Piura","http://www.congreso.gob.pe/congresista/2011/kschaefer/cargos.asp","","kschaefer@congreso.gob.pe","","","Jr. Azángaro Nº 468, Oficina 1015","Cercado de Lima","Lima","","","","01-3117502","","","","","","https://twitter.com/KarlaSchaefer","https://www.facebook.com/KarlaSchaeferC","https://plus.google.com/116289196979493514061/posts","https://www.youtube.com/channel/UCSoq_M5UJ5H1Q39BWwXhpaA","","","","","","http://www2.congreso.gob.pe/Sicr/TraDocEstProc/CLProLey2011.nsf/forosdebusqueda?SearchView&Query=SCHAEFER CUCULIZA KARLA MELISSA&SearchOrder=4"],["112","JUAN JOSE DIAZ DIOS","27.444","PIURA","FUERZA 2011","24","Juan José","Diaz Dios","Congresista de la República","Piura","http://www.congreso.gob.pe/congresista/2011/jjdiaz/cargos.asp","http://juanjodiazdios.com.pe/","jjdiaz@congreso.gob.pe","","","Jr. Ancash Nº 569, Oficina 226","Cercado de Lima","Lima","Calle Moquegua Nº 530","Cercado de Piura","Piura","01-3117934","","","#964644926","","","https://twitter.com/Juanjodiazdios","https://www.facebook.com/pages/Juan-Jo-Díaz-Dios/163166623732192","","https://www.youtube.com/channel/UCJt2PMI_G-KGG293VzHOD3g","","","","","","http://www2.congreso.gob.pe/Sicr/TraDocEstProc/CLProLey2011.nsf/forosdebusqueda?SearchView&Query=DÍAZ DIOS  JUAN JOSÉ  &SearchOrder=4"],["110","LEONIDAS HUAYAMA NEIRA","31.745","PIURA","GANA PERÚ","","","","","","","","","","","","","","","","","","","","","","","","","","","","","","","",""],["109","MARISOL ESPINOZA CRUZ","34.138","PIURA","GANA PERÚ","26","Marisol","Espinoza Cruz","Congresista de la República","Piura","http://www.congreso.gob.pe/congresista/2011/mespinozac/cargos.asp","","mespinozac@congreso.gob.pe","","","Jirón Azángaro Nº 468, oficina Nº 310","Cercado de Lima","Lima","","","","01-3117586","","","","","","","https://www.facebook.com/marisol.espinozacruz.5","","","","","","","","http://www2.congreso.gob.pe/Sicr/TraDocEstProc/CLProLey2011.nsf/forosdebusqueda?SearchView&Query=GUEVARA AMASIFUEN MESIAS ANTONIO&SearchOrder=4"],["120","FRANCISCO CCAMA LAYME","15.045","PUNO","FUERZA 2011","","","","","","","","","","","","","","","","","","","","","","","","","","","","","","","",""],["118","CLAUDIA FAUSTINA COARI MAMANI","19.445","PUNO","GANA PERÚ","18","Claudia Faustina","Coari Mamani","Congresista de la República","Puno","http://www.congreso.gob.pe/congresista/2011/ccoari/cargos.asp","","ccoari@congreso.gob.pe","","","Jirón Junín Nº 330, Oficina 302","Cercado de Lima","Lima","Jirón Cajamarca Nº 649","","Puno","01-3117652","01-3117653","","051-367917","","","https://twitter.com/claudiacoarimam","https://www.facebook.com/claudia.coarimamani","","","","","","","","http://www2.congreso.gob.pe/Sicr/TraDocEstProc/CLProLey2011.nsf/forosdebusqueda?SearchView&Query=COARI MAMANI CLAUDIA FAUSTINA&SearchOrder=4"],["119","MARIANO EUTROPIO PORTUGAL CATACORA","27.868","PUNO","PERÚ POSIBLE","60","Mariano Eutropio","Portugal Catacora","Congresista de la República","Puno","http://www.congreso.gob.pe/congresista/2011/mportugal/cargos.asp","","mportugal@congreso.gob.pe","marianoportugal1@gmail.com","","Jirón Carabaya Nº 381- Oficina 203","Cercado de Lima","Lima","Avenida El Sol Nº 1384","","Puno","01-3117468","","","","","","https://twitter.com/PortugalMariano","https://www.facebook.com/marianoportugalcatacora","https://plus.google.com/108012343499474969814/","https://www.youtube.com/channel/UC8s5a8MZQHc1mXCt5eO0Iag/","","","","","","http://www2.congreso.gob.pe/Sicr/TraDocEstProc/CLProLey2011.nsf/forosdebusqueda?SearchView&Query=ESPINOZA CRUZ MARISOL&SearchOrder=4"],["117","RUBEN CONDORI CUSI","31.002","PUNO","GANA PERÚ","19","Rubén","Condori Cusi","Congresista de la República","Puno","http://www.congreso.gob.pe/congresista/2011/rcondori/cargos.asp","","rcondori@congreso.gob.pe","r_condoricusi@hotmail.com","","Jr. Azángaro Nº 468, Oficina 410","Cercado de Lima","Lima","Av. Alfonso Ugarte Nº 198 - Barrio Machallata","","Puno","01-3117424","","#956044265","Puno: #990445500","Juliaca: *0078840 - 951491565","","","https://www.facebook.com/va.zeballos","","http://www.youtube.com/channel/UCHRXDUBpb7zHvp0_CJQz8nA","","","","","","http://www2.congreso.gob.pe/Sicr/TraDocEstProc/CLProLey2011.nsf/forosdebusqueda?SearchView&Query=ACUÑA PERALTA  VIRGILIO &SearchOrder=4"],["116","EMILIANO APAZA CONDORI","31.916","PUNO","GANA PERÚ","","","","","","","","","","","","","","","","","","","","","","","","","","","","","","","",""],["124","ESTHER SAAVEDRA VELA","7.961","SAN MARTIN","GANA PERÚ","67","Esther","Saavedra Vela","Congresista de la República","San Martín","http://www.congreso.gob.pe/congresista/2011/esaavedra/cargos.asp","","esaavedra@congreso.gob.pe","","","Jr. Azángaro Nº 468, Oficina 407","Cercado de Lima","Lima","Coronel Secada Nº 383","","Moyobamba","01-3117440","","","#956044317","","","https://twitter.com/esthersaavedrav","https://www.facebook.com/esaavedra2011","","http://www.youtube.com/user/esaavedra66","","","","","","http://www2.congreso.gob.pe/Sicr/TraDocEstProc/CLProLey2011.nsf/forosdebusqueda?SearchView&Query=SAAVEDRA VELA ESTHER &SearchOrder=4"],["122","ALDO MAXIMILIANO BARDALEZ COCHAGNE","9.875","SAN MARTIN","FUERZA 2011","8","Aldo Maximiliano","Bardález Cochagne","Congresista de la República","San Martín","http://www.congreso.gob.pe/congresista/2011/abardalez/cargos.asp","","abardalez@congreso.gob.pe","","","Avenida Abancay Nº 251, Oficina 204","Cercado de Lima","Lima","Jirón del mayo cuadra 2 S/N","","Moyobamba","01-3117574","","","","","","https://twitter.com/abardalez","https://www.facebook.com/AldoBardalezCochagne","","","","","","","","http://www2.congreso.gob.pe/Sicr/TraDocEstProc/CLProLey2011.nsf/forosdebusqueda?SearchView&Query=BARDÁLEZ COCHAGNE  ALDO MAXIMILIANO&SearchOrder=4"],["123","CESAR ELMER YRUPAILLA MONTES","16.842","SAN MARTIN","GANA PERÚ","83","César Elmer","Yrupailla Montes","Congresista de la República","San Martín","http://www.congreso.gob.pe/congresista/2011/cyrupailla/cargos.asp","","cyrupailla@congreso.gob.pe","","","Jr. Azángaro Nº 468, Oficina 501","Cercado de Lima","Lima","Jirón San Martín Nº 549","","Tarapoto","01-3117446","","","945874155","","","","https://www.facebook.com/cesar.yrupailla.congresista","","","","","","","","http://www2.congreso.gob.pe/Sicr/TraDocEstProc/CLProLey2011.nsf/forosdebusqueda?SearchView&Query=YRUPAILLA MONTES CÉSAR ELMER&SearchOrder=4"],["121","ROLANDO REATEGUI FLORES","20.670","SAN MARTIN","FUERZA 2011","61","Rolando","Reátegui Flores","Congresista de la República","Lima","http://www.congreso.gob.pe/congresista/2011/rreategui/cargos.asp","","rreategui@congreso.gob.pe","","","Jirón Azángaro Nº 468, Oficina 811","Cercado de Lima","Lima","Jirón Martinez de Campagnion Nº 537","","Tarapoto","01-3117428","","","942468535","","","https://twitter.com/RoloReategui","https://www.facebook.com/tomasmartin.zamudiobriceno","","http://www.youtube.com/user/vazeballos","","","","","","http://www2.congreso.gob.pe/Sicr/TraDocEstProc/CLProLey2011.nsf/forosdebusqueda?SearchView&Query=GRANDEZ SALDAÑA VÍCTOR RAÚL&SearchOrder=4"],["126","JUAN DONATO PARI CHOQUECOTA","23.960","TACNA","GANA PERÚ","","","","","","","","","","","","","","","","","","","","","","","","","","","","","","","",""],["125","GLADYS NATALIE CONDORI JAHUIRA","27.654","TACNA","GANA PERÚ","","","","","","","","","","","","","","","","","","","","","","","","","","","","","","","",""],["128","MARIA DEL PILAR CORDERO JON TAY","6.073","TUMBES","FUERZA 2011","20","María del Pilar","Cordero Jon Tay","Congresista de la República","Tumbes","http://www.congreso.gob.pe/congresista/2011/mcordero/cargos.asp","","mcordero@congreso.gob.pe","","","Jirón Carabaya Nº 381, Oficina 204","Cercado de Lima","Lima","","","","01-3117510","","","","","","","https://www.facebook.com/maria.corderojontay","","http://www.youtube.com/user/MariaCorderoJonTay","","","","","","http://www2.congreso.gob.pe/Sicr/TraDocEstProc/CLProLey2011.nsf/forosdebusqueda?SearchView&Query=CORDERO JON TAY  MARÍA DEL PILAR &SearchOrder=4"],["127","MANUEL ARTURO MERINO DE LAMA","9.474","TUMBES","PERÚ POSIBLE","51","Manuel Arturo","Merino de Lama","Congresista de la República","Tumbes","http://www.congreso.gob.pe/congresista/2011/amerino/cargos.asp","","amerino@congreso.gob.pe","","","Jirón Huallaga Nº 358, Oficina 306","Cercado de Lima","Lima","","","","01-3117410","","","#964521351","","","https://twitter.com/ManuelMerinoDe","https://www.facebook.com/merinodelama","","http://www.youtube.com/user/manuelmerinodelama","","","","","","http://www2.congreso.gob.pe/Sicr/TraDocEstProc/CLProLey2011.nsf/forosdebusqueda?SearchView&Query=MERINO DE LAMA MANUEL&SearchOrder=4"],["130","TEOFILO GAMARRA SALDIVAR","15.126","UCAYALI","ORGANIZACIÓN POLÍTICA GANA PERU","","","","","","","","","","","","","","","","","","","","","","","","","","","","","","","",""],["129","CARLOS MARIO DEL CARMEN TUBINO ARIAS SCHREIBER","18.474","UCAYALI","ORGANIZACIÓN POLÍTICA FUERZA 2011","76","Carlos Mario del Carmen","Tubino Arias Schreiber","Congresista de la República","Ucayali","http://www.congreso.gob.pe/congresista/2011/ctubino/cargos.asp","","ctubino@congreso.gob.pe","","","Jirón Azángaro Nº 468, Oficina 611","Cercado de Lima","Lima","Jr. Comandante Barrera Nº 545","","Pucallpa","01-3117460","","","061-593055","","","https://twitter.com/tubinocarlos","https://www.facebook.com/carlostubino","","http://www.youtube.com/user/carlostubinoa","http://crlotubino.blogspot.com/","","","","","http://www2.congreso.gob.pe/Sicr/TraDocEstProc/CLProLey2011.nsf/forosdebusqueda?SearchView&Query=TUBINO ARIAS SCHREIBER CARLOS MARIO DEL CARMEN&SearchOrder=4"]]}