[{"propuesta":"LEY QUE PROMUEVE LA INCORPORACI\u00d3N LABORAL DE J\u00d3VENES AL SECTOR PRIVADO","detalle":"Propone Ley tiene por objeto promover la incorporaci\u00f3n laboral de los j\u00f3venes, a trav\u00e9s de la contrataci\u00f3n de emrpesas del sector privado, brind\u00e1ndoles un empleo de calidad, capacitaci\u00f3n permanente y plenitud de sus derechos laborales.","departamento":"AREQUIPA","Correo":"ecriverac@gmail.com"},{"propuesta":"Free Wifi","detalle":"Considerar el acceso a Internet como un derecho y que toda la poblacion pueda acceder, tal como a cualquier servicio publico, a conexion en cualquier espacio publico.","departamento":"LIBERTAD","Correo":"facundo@innovers.org"},{"propuesta":"Propuesta Wifi Libre","detalle":"Acceso en localidades ","departamento":"JUNIN","Correo":"facundo@gmail.com"},{"propuesta":"wifi libre","detalle":"mejora la eduacion","departamento":"AYACUCHO","Correo":"alaneespinoza@gmail.com"}]